video_path,class_name,label,split
/kaggle/input/datasets/alirakhmaev/ucf-crime-full/Burglary/Burglary001_x264.mp4,Burglary,1,train
/kaggle/input/datasets/alirakhmaev/ucf-crime-full/Burglary/Burglary004_x264.mp4,Burglary,1,train
/kaggle/input/datasets/alirakhmaev/ucf-crime-full/Burglary/Burglary005_x264.mp4,Burglary,1,train
/kaggle/input/datasets/alirakhmaev/ucf-crime-full/Burglary/Burglary006_x264.mp4,Burglary,1,train
/kaggle/input/datasets/alirakhmaev/ucf-crime-full/Burglary/Burglary007_x264.mp4,Burglary,1,train
/kaggle/input/datasets/alirakhmaev/ucf-crime-full/Burglary/Burglary008_x264.mp4,Burglary,1,train
/kaggle/input/datasets/alirakhmaev/ucf-crime-full/Burglary/Burglary009_x264.mp4,Burglary,1,train
/kaggle/input/datasets/alirakhmaev/ucf-crime-full/Burglary/Burglary010_x264.mp4,Burglary,1,train
/kaggle/input/datasets/alirakhmaev/ucf-crime-full/Burglary/Burglary011_x264.mp4,Burglary,1,train
/kaggle/input/datasets/alirakhmaev/ucf-crime-full/Burglary/Burglary012_x264.mp4,Burglary,1,train
/kaggle/input/datasets/alirakhmaev/ucf-crime-full/Burglary/Burglary013_x264.mp4,Burglary,1,train
/kaggle/input/datasets/alirakhmaev/ucf-crime-full/Burglary/Burglary014_x264.mp4,Burglary,1,train
/kaggle/input/datasets/alirakhmaev/ucf-crime-full/Burglary/Burglary016_x264.mp4,Burglary,1,train
/kaggle/input/datasets/alirakhmaev/ucf-crime-full/Burglary/Burglary017_x264.mp4,Burglary,1,train
/kaggle/input/datasets/alirakhmaev/ucf-crime-full/Burglary/Burglary018_x264.mp4,Burglary,1,train
/kaggle/input/datasets/alirakhmaev/ucf-crime-full/Burglary/Burglary019_x264.mp4,Burglary,1,train
/kaggle/input/datasets/alirakhmaev/ucf-crime-full/Burglary/Burglary020_x264.mp4,Burglary,1,train
/kaggle/input/datasets/alirakhmaev/ucf-crime-full/Burglary/Burglary023_x264.mp4,Burglary,1,train
/kaggle/input/datasets/alirakhmaev/ucf-crime-full/Burglary/Burglary025_x264.mp4,Burglary,1,train
/kaggle/input/datasets/alirakhmaev/ucf-crime-full/Burglary/Burglary026_x264.mp4,Burglary,1,train
/kaggle/input/datasets/alirakhmaev/ucf-crime-full/Burglary/Burglary027_x264.mp4,Burglary,1,train
/kaggle/input/datasets/alirakhmaev/ucf-crime-full/Burglary/Burglary028_x264.mp4,Burglary,1,train
/kaggle/input/datasets/alirakhmaev/ucf-crime-full/Burglary/Burglary029_x264.mp4,Burglary,1,train
/kaggle/input/datasets/alirakhmaev/ucf-crime-full/Burglary/Burglary031_x264.mp4,Burglary,1,train
/kaggle/input/datasets/alirakhmaev/ucf-crime-full/Burglary/Burglary032_x264.mp4,Burglary,1,train
/kaggle/input/datasets/alirakhmaev/ucf-crime-full/Burglary/Burglary034_x264.mp4,Burglary,1,train
/kaggle/input/datasets/alirakhmaev/ucf-crime-full/Burglary/Burglary035_x264.mp4,Burglary,1,train
/kaggle/input/datasets/alirakhmaev/ucf-crime-full/Burglary/Burglary036_x264.mp4,Burglary,1,train
/kaggle/input/datasets/alirakhmaev/ucf-crime-full/Burglary/Burglary037_x264.mp4,Burglary,1,train
/kaggle/input/datasets/alirakhmaev/ucf-crime-full/Burglary/Burglary039_x264.mp4,Burglary,1,train
/kaggle/input/datasets/alirakhmaev/ucf-crime-full/Burglary/Burglary040_x264.mp4,Burglary,1,train
/kaggle/input/datasets/alirakhmaev/ucf-crime-full/Burglary/Burglary041_x264.mp4,Burglary,1,train
/kaggle/input/datasets/alirakhmaev/ucf-crime-full/Burglary/Burglary043_x264.mp4,Burglary,1,train
/kaggle/input/datasets/alirakhmaev/ucf-crime-full/Burglary/Burglary044_x264.mp4,Burglary,1,train
/kaggle/input/datasets/alirakhmaev/ucf-crime-full/Burglary/Burglary045_x264.mp4,Burglary,1,train
/kaggle/input/datasets/alirakhmaev/ucf-crime-full/Burglary/Burglary046_x264.mp4,Burglary,1,train
/kaggle/input/datasets/alirakhmaev/ucf-crime-full/Burglary/Burglary047_x264.mp4,Burglary,1,train
/kaggle/input/datasets/alirakhmaev/ucf-crime-full/Burglary/Burglary048_x264.mp4,Burglary,1,train
/kaggle/input/datasets/alirakhmaev/ucf-crime-full/Burglary/Burglary050_x264.mp4,Burglary,1,train
/kaggle/input/datasets/alirakhmaev/ucf-crime-full/Burglary/Burglary051_x264.mp4,Burglary,1,train
/kaggle/input/datasets/alirakhmaev/ucf-crime-full/Burglary/Burglary054_x264.mp4,Burglary,1,train
/kaggle/input/datasets/alirakhmaev/ucf-crime-full/Burglary/Burglary055_x264.mp4,Burglary,1,train
/kaggle/input/datasets/alirakhmaev/ucf-crime-full/Burglary/Burglary056_x264.mp4,Burglary,1,train
/kaggle/input/datasets/alirakhmaev/ucf-crime-full/Burglary/Burglary057_x264.mp4,Burglary,1,train
/kaggle/input/datasets/alirakhmaev/ucf-crime-full/Burglary/Burglary062_x264.mp4,Burglary,1,train
/kaggle/input/datasets/alirakhmaev/ucf-crime-full/Burglary/Burglary063_x264.mp4,Burglary,1,train
/kaggle/input/datasets/alirakhmaev/ucf-crime-full/Burglary/Burglary065_x264.mp4,Burglary,1,train
/kaggle/input/datasets/alirakhmaev/ucf-crime-full/Burglary/Burglary066_x264.mp4,Burglary,1,train
/kaggle/input/datasets/alirakhmaev/ucf-crime-full/Burglary/Burglary067_x264.mp4,Burglary,1,train
/kaggle/input/datasets/alirakhmaev/ucf-crime-full/Burglary/Burglary068_x264.mp4,Burglary,1,train
/kaggle/input/datasets/alirakhmaev/ucf-crime-full/Burglary/Burglary069_x264.mp4,Burglary,1,train
/kaggle/input/datasets/alirakhmaev/ucf-crime-full/Burglary/Burglary070_x264.mp4,Burglary,1,train
/kaggle/input/datasets/alirakhmaev/ucf-crime-full/Burglary/Burglary071_x264.mp4,Burglary,1,train
/kaggle/input/datasets/alirakhmaev/ucf-crime-full/Burglary/Burglary073_x264.mp4,Burglary,1,train
/kaggle/input/datasets/alirakhmaev/ucf-crime-full/Burglary/Burglary074_x264.mp4,Burglary,1,train
/kaggle/input/datasets/alirakhmaev/ucf-crime-full/Burglary/Burglary077_x264.mp4,Burglary,1,train
/kaggle/input/datasets/alirakhmaev/ucf-crime-full/Burglary/Burglary078_x264.mp4,Burglary,1,train
/kaggle/input/datasets/alirakhmaev/ucf-crime-full/Burglary/Burglary079_x264.mp4,Burglary,1,train
/kaggle/input/datasets/alirakhmaev/ucf-crime-full/Burglary/Burglary081_x264.mp4,Burglary,1,train
/kaggle/input/datasets/alirakhmaev/ucf-crime-full/Burglary/Burglary082_x264.mp4,Burglary,1,train
/kaggle/input/datasets/alirakhmaev/ucf-crime-full/Burglary/Burglary084_x264.mp4,Burglary,1,train
/kaggle/input/datasets/alirakhmaev/ucf-crime-full/Burglary/Burglary086_x264.mp4,Burglary,1,train
/kaggle/input/datasets/alirakhmaev/ucf-crime-full/Burglary/Burglary089_x264.mp4,Burglary,1,train
/kaggle/input/datasets/alirakhmaev/ucf-crime-full/Burglary/Burglary090_x264.mp4,Burglary,1,train
/kaggle/input/datasets/alirakhmaev/ucf-crime-full/Burglary/Burglary091_x264.mp4,Burglary,1,train
/kaggle/input/datasets/alirakhmaev/ucf-crime-full/Burglary/Burglary094_x264.mp4,Burglary,1,train
/kaggle/input/datasets/alirakhmaev/ucf-crime-full/Burglary/Burglary096_x264.mp4,Burglary,1,train
/kaggle/input/datasets/alirakhmaev/ucf-crime-full/Burglary/Burglary097_x264.mp4,Burglary,1,train
/kaggle/input/datasets/alirakhmaev/ucf-crime-full/Burglary/Burglary098_x264.mp4,Burglary,1,train
/kaggle/input/datasets/alirakhmaev/ucf-crime-full/Burglary/Burglary100_x264.mp4,Burglary,1,train
/kaggle/input/datasets/alirakhmaev/ucf-crime-full/Fighting/Fighting002_x264.mp4,Fighting,1,train
/kaggle/input/datasets/alirakhmaev/ucf-crime-full/Fighting/Fighting003_x264.mp4,Fighting,1,train
/kaggle/input/datasets/alirakhmaev/ucf-crime-full/Fighting/Fighting004_x264.mp4,Fighting,1,train
/kaggle/input/datasets/alirakhmaev/ucf-crime-full/Fighting/Fighting005_x264.mp4,Fighting,1,train
/kaggle/input/datasets/alirakhmaev/ucf-crime-full/Fighting/Fighting007_x264.mp4,Fighting,1,train
/kaggle/input/datasets/alirakhmaev/ucf-crime-full/Fighting/Fighting011_x264.mp4,Fighting,1,train
/kaggle/input/datasets/alirakhmaev/ucf-crime-full/Fighting/Fighting012_x264.mp4,Fighting,1,train
/kaggle/input/datasets/alirakhmaev/ucf-crime-full/Fighting/Fighting014_x264.mp4,Fighting,1,train
/kaggle/input/datasets/alirakhmaev/ucf-crime-full/Fighting/Fighting015_x264.mp4,Fighting,1,train
/kaggle/input/datasets/alirakhmaev/ucf-crime-full/Fighting/Fighting016_x264.mp4,Fighting,1,train
/kaggle/input/datasets/alirakhmaev/ucf-crime-full/Fighting/Fighting017_x264.mp4,Fighting,1,train
/kaggle/input/datasets/alirakhmaev/ucf-crime-full/Fighting/Fighting019_x264.mp4,Fighting,1,train
/kaggle/input/datasets/alirakhmaev/ucf-crime-full/Fighting/Fighting020_x264.mp4,Fighting,1,train
/kaggle/input/datasets/alirakhmaev/ucf-crime-full/Fighting/Fighting021_x264.mp4,Fighting,1,train
/kaggle/input/datasets/alirakhmaev/ucf-crime-full/Fighting/Fighting022_x264.mp4,Fighting,1,train
/kaggle/input/datasets/alirakhmaev/ucf-crime-full/Fighting/Fighting023_x264.mp4,Fighting,1,train
/kaggle/input/datasets/alirakhmaev/ucf-crime-full/Fighting/Fighting024_x264.mp4,Fighting,1,train
/kaggle/input/datasets/alirakhmaev/ucf-crime-full/Fighting/Fighting025_x264.mp4,Fighting,1,train
/kaggle/input/datasets/alirakhmaev/ucf-crime-full/Fighting/Fighting026_x264.mp4,Fighting,1,train
/kaggle/input/datasets/alirakhmaev/ucf-crime-full/Fighting/Fighting027_x264.mp4,Fighting,1,train
/kaggle/input/datasets/alirakhmaev/ucf-crime-full/Fighting/Fighting028_x264.mp4,Fighting,1,train
/kaggle/input/datasets/alirakhmaev/ucf-crime-full/Fighting/Fighting030_x264.mp4,Fighting,1,train
/kaggle/input/datasets/alirakhmaev/ucf-crime-full/Fighting/Fighting031_x264.mp4,Fighting,1,train
/kaggle/input/datasets/alirakhmaev/ucf-crime-full/Fighting/Fighting032_x264.mp4,Fighting,1,train
/kaggle/input/datasets/alirakhmaev/ucf-crime-full/Fighting/Fighting033_x264.mp4,Fighting,1,train
/kaggle/input/datasets/alirakhmaev/ucf-crime-full/Fighting/Fighting037_x264.mp4,Fighting,1,train
/kaggle/input/datasets/alirakhmaev/ucf-crime-full/Fighting/Fighting038_x264.mp4,Fighting,1,train
/kaggle/input/datasets/alirakhmaev/ucf-crime-full/Fighting/Fighting039_x264.mp4,Fighting,1,train
/kaggle/input/datasets/alirakhmaev/ucf-crime-full/Fighting/Fighting041_x264.mp4,Fighting,1,train
/kaggle/input/datasets/alirakhmaev/ucf-crime-full/Fighting/Fighting044_x264.mp4,Fighting,1,train
/kaggle/input/datasets/alirakhmaev/ucf-crime-full/Fighting/Fighting045_x264.mp4,Fighting,1,train
/kaggle/input/datasets/alirakhmaev/ucf-crime-full/Fighting/Fighting046_x264.mp4,Fighting,1,train
/kaggle/input/datasets/alirakhmaev/ucf-crime-full/Fighting/Fighting047_x264.mp4,Fighting,1,train
/kaggle/input/datasets/alirakhmaev/ucf-crime-full/Fighting/Fighting048_x264.mp4,Fighting,1,train
/kaggle/input/datasets/alirakhmaev/ucf-crime-full/Fighting/Fighting051_x264.mp4,Fighting,1,train
/kaggle/input/datasets/alirakhmaev/ucf-crime-full/Normal_Videos_for_Event_Recognition/Normal_Videos_015_x264.mp4,Normal,0,train
/kaggle/input/datasets/alirakhmaev/ucf-crime-full/Normal_Videos_for_Event_Recognition/Normal_Videos_129_x264.mp4,Normal,0,train
/kaggle/input/datasets/alirakhmaev/ucf-crime-full/Normal_Videos_for_Event_Recognition/Normal_Videos_150_x264.mp4,Normal,0,train
/kaggle/input/datasets/alirakhmaev/ucf-crime-full/Normal_Videos_for_Event_Recognition/Normal_Videos_246_x264.mp4,Normal,0,train
/kaggle/input/datasets/alirakhmaev/ucf-crime-full/Normal_Videos_for_Event_Recognition/Normal_Videos_247_x264.mp4,Normal,0,train
/kaggle/input/datasets/alirakhmaev/ucf-crime-full/Normal_Videos_for_Event_Recognition/Normal_Videos_248_x264.mp4,Normal,0,train
/kaggle/input/datasets/alirakhmaev/ucf-crime-full/Normal_Videos_for_Event_Recognition/Normal_Videos_251_x264.mp4,Normal,0,train
/kaggle/input/datasets/alirakhmaev/ucf-crime-full/Normal_Videos_for_Event_Recognition/Normal_Videos_289_x264.mp4,Normal,0,train
/kaggle/input/datasets/alirakhmaev/ucf-crime-full/Normal_Videos_for_Event_Recognition/Normal_Videos_310_x264.mp4,Normal,0,train
/kaggle/input/datasets/alirakhmaev/ucf-crime-full/Normal_Videos_for_Event_Recognition/Normal_Videos_345_x264.mp4,Normal,0,train
/kaggle/input/datasets/alirakhmaev/ucf-crime-full/Normal_Videos_for_Event_Recognition/Normal_Videos_352_x264.mp4,Normal,0,train
/kaggle/input/datasets/alirakhmaev/ucf-crime-full/Normal_Videos_for_Event_Recognition/Normal_Videos_360_x264.mp4,Normal,0,train
/kaggle/input/datasets/alirakhmaev/ucf-crime-full/Normal_Videos_for_Event_Recognition/Normal_Videos_365_x264.mp4,Normal,0,train
/kaggle/input/datasets/alirakhmaev/ucf-crime-full/Normal_Videos_for_Event_Recognition/Normal_Videos_401_x264.mp4,Normal,0,train
/kaggle/input/datasets/alirakhmaev/ucf-crime-full/Normal_Videos_for_Event_Recognition/Normal_Videos_417_x264.mp4,Normal,0,train
/kaggle/input/datasets/alirakhmaev/ucf-crime-full/Normal_Videos_for_Event_Recognition/Normal_Videos_439_x264.mp4,Normal,0,train
/kaggle/input/datasets/alirakhmaev/ucf-crime-full/Normal_Videos_for_Event_Recognition/Normal_Videos_452_x264.mp4,Normal,0,train
/kaggle/input/datasets/alirakhmaev/ucf-crime-full/Normal_Videos_for_Event_Recognition/Normal_Videos_453_x264.mp4,Normal,0,train
/kaggle/input/datasets/alirakhmaev/ucf-crime-full/Normal_Videos_for_Event_Recognition/Normal_Videos_478_x264.mp4,Normal,0,train
/kaggle/input/datasets/alirakhmaev/ucf-crime-full/Normal_Videos_for_Event_Recognition/Normal_Videos_576_x264.mp4,Normal,0,train
/kaggle/input/datasets/alirakhmaev/ucf-crime-full/Normal_Videos_for_Event_Recognition/Normal_Videos_597_x264.mp4,Normal,0,train
/kaggle/input/datasets/alirakhmaev/ucf-crime-full/Normal_Videos_for_Event_Recognition/Normal_Videos_603_x264.mp4,Normal,0,train
/kaggle/input/datasets/alirakhmaev/ucf-crime-full/Normal_Videos_for_Event_Recognition/Normal_Videos_656_x264.mp4,Normal,0,train
/kaggle/input/datasets/alirakhmaev/ucf-crime-full/Normal_Videos_for_Event_Recognition/Normal_Videos_696_x264.mp4,Normal,0,train
/kaggle/input/datasets/alirakhmaev/ucf-crime-full/Normal_Videos_for_Event_Recognition/Normal_Videos_704_x264.mp4,Normal,0,train
/kaggle/input/datasets/alirakhmaev/ucf-crime-full/Normal_Videos_for_Event_Recognition/Normal_Videos_722_x264.mp4,Normal,0,train
/kaggle/input/datasets/alirakhmaev/ucf-crime-full/Normal_Videos_for_Event_Recognition/Normal_Videos_745_x264.mp4,Normal,0,train
/kaggle/input/datasets/alirakhmaev/ucf-crime-full/Normal_Videos_for_Event_Recognition/Normal_Videos_781_x264.mp4,Normal,0,train
/kaggle/input/datasets/alirakhmaev/ucf-crime-full/Normal_Videos_for_Event_Recognition/Normal_Videos_798_x264.mp4,Normal,0,train
/kaggle/input/datasets/alirakhmaev/ucf-crime-full/Normal_Videos_for_Event_Recognition/Normal_Videos_828_x264.mp4,Normal,0,train
/kaggle/input/datasets/alirakhmaev/ucf-crime-full/Normal_Videos_for_Event_Recognition/Normal_Videos_831_x264.mp4,Normal,0,train
/kaggle/input/datasets/alirakhmaev/ucf-crime-full/Normal_Videos_for_Event_Recognition/Normal_Videos_877_x264.mp4,Normal,0,train
/kaggle/input/datasets/alirakhmaev/ucf-crime-full/Normal_Videos_for_Event_Recognition/Normal_Videos_881_x264.mp4,Normal,0,train
/kaggle/input/datasets/alirakhmaev/ucf-crime-full/Normal_Videos_for_Event_Recognition/Normal_Videos_905_x264.mp4,Normal,0,train
/kaggle/input/datasets/alirakhmaev/ucf-crime-full/Normal_Videos_for_Event_Recognition/Normal_Videos_912_x264.mp4,Normal,0,train
/kaggle/input/datasets/alirakhmaev/ucf-crime-full/Normal_Videos_for_Event_Recognition/Normal_Videos_913_x264.mp4,Normal,0,train
/kaggle/input/datasets/alirakhmaev/ucf-crime-full/Normal_Videos_for_Event_Recognition/Normal_Videos_914_x264.mp4,Normal,0,train
/kaggle/input/datasets/alirakhmaev/ucf-crime-full/Normal_Videos_for_Event_Recognition/Normal_Videos_929_x264.mp4,Normal,0,train
/kaggle/input/datasets/vigneshwar472/ucaucf-crime-annotation-dataset/UCF_Crimes/UCF_Crimes/Videos/Training_Normal_Videos_Anomaly/Normal_Videos016_x264.mp4,Normal,0,train
/kaggle/input/datasets/vigneshwar472/ucaucf-crime-annotation-dataset/UCF_Crimes/UCF_Crimes/Videos/Training_Normal_Videos_Anomaly/Normal_Videos021_x264.mp4,Normal,0,train
/kaggle/input/datasets/vigneshwar472/ucaucf-crime-annotation-dataset/UCF_Crimes/UCF_Crimes/Videos/Training_Normal_Videos_Anomaly/Normal_Videos026_x264.mp4,Normal,0,train
/kaggle/input/datasets/vigneshwar472/ucaucf-crime-annotation-dataset/UCF_Crimes/UCF_Crimes/Videos/Training_Normal_Videos_Anomaly/Normal_Videos028_x264.mp4,Normal,0,train
/kaggle/input/datasets/vigneshwar472/ucaucf-crime-annotation-dataset/UCF_Crimes/UCF_Crimes/Videos/Training_Normal_Videos_Anomaly/Normal_Videos036_x264.mp4,Normal,0,train
/kaggle/input/datasets/vigneshwar472/ucaucf-crime-annotation-dataset/UCF_Crimes/UCF_Crimes/Videos/Training_Normal_Videos_Anomaly/Normal_Videos037_x264.mp4,Normal,0,train
/kaggle/input/datasets/vigneshwar472/ucaucf-crime-annotation-dataset/UCF_Crimes/UCF_Crimes/Videos/Training_Normal_Videos_Anomaly/Normal_Videos043_x264.mp4,Normal,0,train
/kaggle/input/datasets/vigneshwar472/ucaucf-crime-annotation-dataset/UCF_Crimes/UCF_Crimes/Videos/Training_Normal_Videos_Anomaly/Normal_Videos054_x264.mp4,Normal,0,train
/kaggle/input/datasets/vigneshwar472/ucaucf-crime-annotation-dataset/UCF_Crimes/UCF_Crimes/Videos/Training_Normal_Videos_Anomaly/Normal_Videos058_x264.mp4,Normal,0,train
/kaggle/input/datasets/vigneshwar472/ucaucf-crime-annotation-dataset/UCF_Crimes/UCF_Crimes/Videos/Training_Normal_Videos_Anomaly/Normal_Videos060_x264.mp4,Normal,0,train
/kaggle/input/datasets/vigneshwar472/ucaucf-crime-annotation-dataset/UCF_Crimes/UCF_Crimes/Videos/Training_Normal_Videos_Anomaly/Normal_Videos073_x264.mp4,Normal,0,train
/kaggle/input/datasets/vigneshwar472/ucaucf-crime-annotation-dataset/UCF_Crimes/UCF_Crimes/Videos/Training_Normal_Videos_Anomaly/Normal_Videos081_x264.mp4,Normal,0,train
/kaggle/input/datasets/vigneshwar472/ucaucf-crime-annotation-dataset/UCF_Crimes/UCF_Crimes/Videos/Training_Normal_Videos_Anomaly/Normal_Videos097_x264.mp4,Normal,0,train
/kaggle/input/datasets/vigneshwar472/ucaucf-crime-annotation-dataset/UCF_Crimes/UCF_Crimes/Videos/Training_Normal_Videos_Anomaly/Normal_Videos108_x264.mp4,Normal,0,train
/kaggle/input/datasets/vigneshwar472/ucaucf-crime-annotation-dataset/UCF_Crimes/UCF_Crimes/Videos/Training_Normal_Videos_Anomaly/Normal_Videos112_x264.mp4,Normal,0,train
/kaggle/input/datasets/vigneshwar472/ucaucf-crime-annotation-dataset/UCF_Crimes/UCF_Crimes/Videos/Training_Normal_Videos_Anomaly/Normal_Videos116_x264.mp4,Normal,0,train
/kaggle/input/datasets/vigneshwar472/ucaucf-crime-annotation-dataset/UCF_Crimes/UCF_Crimes/Videos/Training_Normal_Videos_Anomaly/Normal_Videos130_x264.mp4,Normal,0,train
/kaggle/input/datasets/vigneshwar472/ucaucf-crime-annotation-dataset/UCF_Crimes/UCF_Crimes/Videos/Training_Normal_Videos_Anomaly/Normal_Videos135_x264.mp4,Normal,0,train
/kaggle/input/datasets/vigneshwar472/ucaucf-crime-annotation-dataset/UCF_Crimes/UCF_Crimes/Videos/Training_Normal_Videos_Anomaly/Normal_Videos144_x264.mp4,Normal,0,train
/kaggle/input/datasets/vigneshwar472/ucaucf-crime-annotation-dataset/UCF_Crimes/UCF_Crimes/Videos/Training_Normal_Videos_Anomaly/Normal_Videos155_x264.mp4,Normal,0,train
/kaggle/input/datasets/vigneshwar472/ucaucf-crime-annotation-dataset/UCF_Crimes/UCF_Crimes/Videos/Training_Normal_Videos_Anomaly/Normal_Videos163_x264.mp4,Normal,0,train
/kaggle/input/datasets/vigneshwar472/ucaucf-crime-annotation-dataset/UCF_Crimes/UCF_Crimes/Videos/Training_Normal_Videos_Anomaly/Normal_Videos164_x264.mp4,Normal,0,train
/kaggle/input/datasets/vigneshwar472/ucaucf-crime-annotation-dataset/UCF_Crimes/UCF_Crimes/Videos/Training_Normal_Videos_Anomaly/Normal_Videos166_x264.mp4,Normal,0,train
/kaggle/input/datasets/vigneshwar472/ucaucf-crime-annotation-dataset/UCF_Crimes/UCF_Crimes/Videos/Training_Normal_Videos_Anomaly/Normal_Videos177_x264.mp4,Normal,0,train
/kaggle/input/datasets/vigneshwar472/ucaucf-crime-annotation-dataset/UCF_Crimes/UCF_Crimes/Videos/Training_Normal_Videos_Anomaly/Normal_Videos178_x264.mp4,Normal,0,train
/kaggle/input/datasets/vigneshwar472/ucaucf-crime-annotation-dataset/UCF_Crimes/UCF_Crimes/Videos/Training_Normal_Videos_Anomaly/Normal_Videos204_x264.mp4,Normal,0,train
/kaggle/input/datasets/vigneshwar472/ucaucf-crime-annotation-dataset/UCF_Crimes/UCF_Crimes/Videos/Training_Normal_Videos_Anomaly/Normal_Videos205_x264.mp4,Normal,0,train
/kaggle/input/datasets/vigneshwar472/ucaucf-crime-annotation-dataset/UCF_Crimes/UCF_Crimes/Videos/Training_Normal_Videos_Anomaly/Normal_Videos209_x264.mp4,Normal,0,train
/kaggle/input/datasets/vigneshwar472/ucaucf-crime-annotation-dataset/UCF_Crimes/UCF_Crimes/Videos/Training_Normal_Videos_Anomaly/Normal_Videos219_x264.mp4,Normal,0,train
/kaggle/input/datasets/vigneshwar472/ucaucf-crime-annotation-dataset/UCF_Crimes/UCF_Crimes/Videos/Training_Normal_Videos_Anomaly/Normal_Videos226_x264.mp4,Normal,0,train
/kaggle/input/datasets/vigneshwar472/ucaucf-crime-annotation-dataset/UCF_Crimes/UCF_Crimes/Videos/Training_Normal_Videos_Anomaly/Normal_Videos233_x264.mp4,Normal,0,train
/kaggle/input/datasets/vigneshwar472/ucaucf-crime-annotation-dataset/UCF_Crimes/UCF_Crimes/Videos/Training_Normal_Videos_Anomaly/Normal_Videos236_x264.mp4,Normal,0,train
/kaggle/input/datasets/vigneshwar472/ucaucf-crime-annotation-dataset/UCF_Crimes/UCF_Crimes/Videos/Training_Normal_Videos_Anomaly/Normal_Videos250_x264.mp4,Normal,0,train
/kaggle/input/datasets/vigneshwar472/ucaucf-crime-annotation-dataset/UCF_Crimes/UCF_Crimes/Videos/Training_Normal_Videos_Anomaly/Normal_Videos260_x264.mp4,Normal,0,train
/kaggle/input/datasets/vigneshwar472/ucaucf-crime-annotation-dataset/UCF_Crimes/UCF_Crimes/Videos/Training_Normal_Videos_Anomaly/Normal_Videos270_x264.mp4,Normal,0,train
/kaggle/input/datasets/vigneshwar472/ucaucf-crime-annotation-dataset/UCF_Crimes/UCF_Crimes/Videos/Training_Normal_Videos_Anomaly/Normal_Videos275_x264.mp4,Normal,0,train
/kaggle/input/datasets/vigneshwar472/ucaucf-crime-annotation-dataset/UCF_Crimes/UCF_Crimes/Videos/Training_Normal_Videos_Anomaly/Normal_Videos278_x264.mp4,Normal,0,train
/kaggle/input/datasets/vigneshwar472/ucaucf-crime-annotation-dataset/UCF_Crimes/UCF_Crimes/Videos/Training_Normal_Videos_Anomaly/Normal_Videos286_x264.mp4,Normal,0,train
/kaggle/input/datasets/vigneshwar472/ucaucf-crime-annotation-dataset/UCF_Crimes/UCF_Crimes/Videos/Training_Normal_Videos_Anomaly/Normal_Videos296_x264.mp4,Normal,0,train
/kaggle/input/datasets/vigneshwar472/ucaucf-crime-annotation-dataset/UCF_Crimes/UCF_Crimes/Videos/Training_Normal_Videos_Anomaly/Normal_Videos302_x264.mp4,Normal,0,train
/kaggle/input/datasets/vigneshwar472/ucaucf-crime-annotation-dataset/UCF_Crimes/UCF_Crimes/Videos/Training_Normal_Videos_Anomaly/Normal_Videos305_x264.mp4,Normal,0,train
/kaggle/input/datasets/vigneshwar472/ucaucf-crime-annotation-dataset/UCF_Crimes/UCF_Crimes/Videos/Training_Normal_Videos_Anomaly/Normal_Videos336_x264.mp4,Normal,0,train
/kaggle/input/datasets/vigneshwar472/ucaucf-crime-annotation-dataset/UCF_Crimes/UCF_Crimes/Videos/Training_Normal_Videos_Anomaly/Normal_Videos344_x264.mp4,Normal,0,train
/kaggle/input/datasets/vigneshwar472/ucaucf-crime-annotation-dataset/UCF_Crimes/UCF_Crimes/Videos/Training_Normal_Videos_Anomaly/Normal_Videos346_x264.mp4,Normal,0,train
/kaggle/input/datasets/vigneshwar472/ucaucf-crime-annotation-dataset/UCF_Crimes/UCF_Crimes/Videos/Training_Normal_Videos_Anomaly/Normal_Videos356_x264.mp4,Normal,0,train
/kaggle/input/datasets/vigneshwar472/ucaucf-crime-annotation-dataset/UCF_Crimes/UCF_Crimes/Videos/Training_Normal_Videos_Anomaly/Normal_Videos362_x264.mp4,Normal,0,train
/kaggle/input/datasets/vigneshwar472/ucaucf-crime-annotation-dataset/UCF_Crimes/UCF_Crimes/Videos/Training_Normal_Videos_Anomaly/Normal_Videos367_x264.mp4,Normal,0,train
/kaggle/input/datasets/vigneshwar472/ucaucf-crime-annotation-dataset/UCF_Crimes/UCF_Crimes/Videos/Training_Normal_Videos_Anomaly/Normal_Videos376_x264.mp4,Normal,0,train
/kaggle/input/datasets/vigneshwar472/ucaucf-crime-annotation-dataset/UCF_Crimes/UCF_Crimes/Videos/Training_Normal_Videos_Anomaly/Normal_Videos380_x264.mp4,Normal,0,train
/kaggle/input/datasets/vigneshwar472/ucaucf-crime-annotation-dataset/UCF_Crimes/UCF_Crimes/Videos/Training_Normal_Videos_Anomaly/Normal_Videos384_x264.mp4,Normal,0,train
/kaggle/input/datasets/vigneshwar472/ucaucf-crime-annotation-dataset/UCF_Crimes/UCF_Crimes/Videos/Training_Normal_Videos_Anomaly/Normal_Videos387_x264.mp4,Normal,0,train
/kaggle/input/datasets/vigneshwar472/ucaucf-crime-annotation-dataset/UCF_Crimes/UCF_Crimes/Videos/Training_Normal_Videos_Anomaly/Normal_Videos402_x264.mp4,Normal,0,train
/kaggle/input/datasets/vigneshwar472/ucaucf-crime-annotation-dataset/UCF_Crimes/UCF_Crimes/Videos/Training_Normal_Videos_Anomaly/Normal_Videos404_x264.mp4,Normal,0,train
/kaggle/input/datasets/vigneshwar472/ucaucf-crime-annotation-dataset/UCF_Crimes/UCF_Crimes/Videos/Training_Normal_Videos_Anomaly/Normal_Videos405_x264.mp4,Normal,0,train
/kaggle/input/datasets/vigneshwar472/ucaucf-crime-annotation-dataset/UCF_Crimes/UCF_Crimes/Videos/Training_Normal_Videos_Anomaly/Normal_Videos406_x264.mp4,Normal,0,train
/kaggle/input/datasets/vigneshwar472/ucaucf-crime-annotation-dataset/UCF_Crimes/UCF_Crimes/Videos/Training_Normal_Videos_Anomaly/Normal_Videos407_x264.mp4,Normal,0,train
/kaggle/input/datasets/vigneshwar472/ucaucf-crime-annotation-dataset/UCF_Crimes/UCF_Crimes/Videos/Training_Normal_Videos_Anomaly/Normal_Videos424_x264.mp4,Normal,0,train
/kaggle/input/datasets/vigneshwar472/ucaucf-crime-annotation-dataset/UCF_Crimes/UCF_Crimes/Videos/Training_Normal_Videos_Anomaly/Normal_Videos425_x264.mp4,Normal,0,train
/kaggle/input/datasets/vigneshwar472/ucaucf-crime-annotation-dataset/UCF_Crimes/UCF_Crimes/Videos/Training_Normal_Videos_Anomaly/Normal_Videos427_x264.mp4,Normal,0,train
/kaggle/input/datasets/vigneshwar472/ucaucf-crime-annotation-dataset/UCF_Crimes/UCF_Crimes/Videos/Training_Normal_Videos_Anomaly/Normal_Videos432_x264.mp4,Normal,0,train
/kaggle/input/datasets/vigneshwar472/ucaucf-crime-annotation-dataset/UCF_Crimes/UCF_Crimes/Videos/Training_Normal_Videos_Anomaly/Normal_Videos434_x264.mp4,Normal,0,train
/kaggle/input/datasets/vigneshwar472/ucaucf-crime-annotation-dataset/UCF_Crimes/UCF_Crimes/Videos/Training_Normal_Videos_Anomaly/Normal_Videos435_x264.mp4,Normal,0,train
/kaggle/input/datasets/vigneshwar472/ucaucf-crime-annotation-dataset/UCF_Crimes/UCF_Crimes/Videos/Training_Normal_Videos_Anomaly/Normal_Videos441_x264.mp4,Normal,0,train
/kaggle/input/datasets/vigneshwar472/ucaucf-crime-annotation-dataset/UCF_Crimes/UCF_Crimes/Videos/Training_Normal_Videos_Anomaly/Normal_Videos443_x264.mp4,Normal,0,train
/kaggle/input/datasets/vigneshwar472/ucaucf-crime-annotation-dataset/UCF_Crimes/UCF_Crimes/Videos/Training_Normal_Videos_Anomaly/Normal_Videos451_x264.mp4,Normal,0,train
/kaggle/input/datasets/vigneshwar472/ucaucf-crime-annotation-dataset/UCF_Crimes/UCF_Crimes/Videos/Training_Normal_Videos_Anomaly/Normal_Videos455_x264.mp4,Normal,0,train
/kaggle/input/datasets/vigneshwar472/ucaucf-crime-annotation-dataset/UCF_Crimes/UCF_Crimes/Videos/Training_Normal_Videos_Anomaly/Normal_Videos456_x264.mp4,Normal,0,train
/kaggle/input/datasets/vigneshwar472/ucaucf-crime-annotation-dataset/UCF_Crimes/UCF_Crimes/Videos/Training_Normal_Videos_Anomaly/Normal_Videos461_x264.mp4,Normal,0,train
/kaggle/input/datasets/vigneshwar472/ucaucf-crime-annotation-dataset/UCF_Crimes/UCF_Crimes/Videos/Training_Normal_Videos_Anomaly/Normal_Videos466_x264.mp4,Normal,0,train
/kaggle/input/datasets/vigneshwar472/ucaucf-crime-annotation-dataset/UCF_Crimes/UCF_Crimes/Videos/Training_Normal_Videos_Anomaly/Normal_Videos469_x264.mp4,Normal,0,train
/kaggle/input/datasets/vigneshwar472/ucaucf-crime-annotation-dataset/UCF_Crimes/UCF_Crimes/Videos/Training_Normal_Videos_Anomaly/Normal_Videos473_x264.mp4,Normal,0,train
/kaggle/input/datasets/vigneshwar472/ucaucf-crime-annotation-dataset/UCF_Crimes/UCF_Crimes/Videos/Training_Normal_Videos_Anomaly/Normal_Videos474_x264.mp4,Normal,0,train
/kaggle/input/datasets/vigneshwar472/ucaucf-crime-annotation-dataset/UCF_Crimes/UCF_Crimes/Videos/Training_Normal_Videos_Anomaly/Normal_Videos487_x264.mp4,Normal,0,train
/kaggle/input/datasets/vigneshwar472/ucaucf-crime-annotation-dataset/UCF_Crimes/UCF_Crimes/Videos/Training_Normal_Videos_Anomaly/Normal_Videos490_x264.mp4,Normal,0,train
/kaggle/input/datasets/vigneshwar472/ucaucf-crime-annotation-dataset/UCF_Crimes/UCF_Crimes/Videos/Training_Normal_Videos_Anomaly/Normal_Videos505_x264.mp4,Normal,0,train
/kaggle/input/datasets/vigneshwar472/ucaucf-crime-annotation-dataset/UCF_Crimes/UCF_Crimes/Videos/Training_Normal_Videos_Anomaly/Normal_Videos533_x264.mp4,Normal,0,train
/kaggle/input/datasets/vigneshwar472/ucaucf-crime-annotation-dataset/UCF_Crimes/UCF_Crimes/Videos/Training_Normal_Videos_Anomaly/Normal_Videos534_x264.mp4,Normal,0,train
/kaggle/input/datasets/vigneshwar472/ucaucf-crime-annotation-dataset/UCF_Crimes/UCF_Crimes/Videos/Training_Normal_Videos_Anomaly/Normal_Videos536_x264.mp4,Normal,0,train
/kaggle/input/datasets/vigneshwar472/ucaucf-crime-annotation-dataset/UCF_Crimes/UCF_Crimes/Videos/Training_Normal_Videos_Anomaly/Normal_Videos542_x264.mp4,Normal,0,train
/kaggle/input/datasets/vigneshwar472/ucaucf-crime-annotation-dataset/UCF_Crimes/UCF_Crimes/Videos/Training_Normal_Videos_Anomaly/Normal_Videos547_x264.mp4,Normal,0,train
/kaggle/input/datasets/vigneshwar472/ucaucf-crime-annotation-dataset/UCF_Crimes/UCF_Crimes/Videos/Training_Normal_Videos_Anomaly/Normal_Videos548_x264.mp4,Normal,0,train
/kaggle/input/datasets/vigneshwar472/ucaucf-crime-annotation-dataset/UCF_Crimes/UCF_Crimes/Videos/Training_Normal_Videos_Anomaly/Normal_Videos552_x264.mp4,Normal,0,train
/kaggle/input/datasets/vigneshwar472/ucaucf-crime-annotation-dataset/UCF_Crimes/UCF_Crimes/Videos/Training_Normal_Videos_Anomaly/Normal_Videos555_x264.mp4,Normal,0,train
/kaggle/input/datasets/vigneshwar472/ucaucf-crime-annotation-dataset/UCF_Crimes/UCF_Crimes/Videos/Training_Normal_Videos_Anomaly/Normal_Videos560_x264.mp4,Normal,0,train
/kaggle/input/datasets/vigneshwar472/ucaucf-crime-annotation-dataset/UCF_Crimes/UCF_Crimes/Videos/Training_Normal_Videos_Anomaly/Normal_Videos567_x264.mp4,Normal,0,train
/kaggle/input/datasets/vigneshwar472/ucaucf-crime-annotation-dataset/UCF_Crimes/UCF_Crimes/Videos/Training_Normal_Videos_Anomaly/Normal_Videos573_x264.mp4,Normal,0,train
/kaggle/input/datasets/vigneshwar472/ucaucf-crime-annotation-dataset/UCF_Crimes/UCF_Crimes/Videos/Training_Normal_Videos_Anomaly/Normal_Videos575_x264.mp4,Normal,0,train
/kaggle/input/datasets/vigneshwar472/ucaucf-crime-annotation-dataset/UCF_Crimes/UCF_Crimes/Videos/Training_Normal_Videos_Anomaly/Normal_Videos577_x264.mp4,Normal,0,train
/kaggle/input/datasets/vigneshwar472/ucaucf-crime-annotation-dataset/UCF_Crimes/UCF_Crimes/Videos/Training_Normal_Videos_Anomaly/Normal_Videos581_x264.mp4,Normal,0,train
/kaggle/input/datasets/vigneshwar472/ucaucf-crime-annotation-dataset/UCF_Crimes/UCF_Crimes/Videos/Training_Normal_Videos_Anomaly/Normal_Videos585_x264.mp4,Normal,0,train
/kaggle/input/datasets/vigneshwar472/ucaucf-crime-annotation-dataset/UCF_Crimes/UCF_Crimes/Videos/Training_Normal_Videos_Anomaly/Normal_Videos589_x264.mp4,Normal,0,train
/kaggle/input/datasets/vigneshwar472/ucaucf-crime-annotation-dataset/UCF_Crimes/UCF_Crimes/Videos/Training_Normal_Videos_Anomaly/Normal_Videos592_x264.mp4,Normal,0,train
/kaggle/input/datasets/vigneshwar472/ucaucf-crime-annotation-dataset/UCF_Crimes/UCF_Crimes/Videos/Training_Normal_Videos_Anomaly/Normal_Videos599_x264.mp4,Normal,0,train
/kaggle/input/datasets/vigneshwar472/ucaucf-crime-annotation-dataset/UCF_Crimes/UCF_Crimes/Videos/Training_Normal_Videos_Anomaly/Normal_Videos618_x264.mp4,Normal,0,train
/kaggle/input/datasets/vigneshwar472/ucaucf-crime-annotation-dataset/UCF_Crimes/UCF_Crimes/Videos/Training_Normal_Videos_Anomaly/Normal_Videos636_x264.mp4,Normal,0,train
/kaggle/input/datasets/vigneshwar472/ucaucf-crime-annotation-dataset/UCF_Crimes/UCF_Crimes/Videos/Training_Normal_Videos_Anomaly/Normal_Videos637_x264.mp4,Normal,0,train
/kaggle/input/datasets/vigneshwar472/ucaucf-crime-annotation-dataset/UCF_Crimes/UCF_Crimes/Videos/Training_Normal_Videos_Anomaly/Normal_Videos643_x264.mp4,Normal,0,train
/kaggle/input/datasets/vigneshwar472/ucaucf-crime-annotation-dataset/UCF_Crimes/UCF_Crimes/Videos/Training_Normal_Videos_Anomaly/Normal_Videos647_x264.mp4,Normal,0,train
/kaggle/input/datasets/vigneshwar472/ucaucf-crime-annotation-dataset/UCF_Crimes/UCF_Crimes/Videos/Training_Normal_Videos_Anomaly/Normal_Videos649_x264.mp4,Normal,0,train
/kaggle/input/datasets/vigneshwar472/ucaucf-crime-annotation-dataset/UCF_Crimes/UCF_Crimes/Videos/Training_Normal_Videos_Anomaly/Normal_Videos650_x264.mp4,Normal,0,train
/kaggle/input/datasets/vigneshwar472/ucaucf-crime-annotation-dataset/UCF_Crimes/UCF_Crimes/Videos/Training_Normal_Videos_Anomaly/Normal_Videos657_x264.mp4,Normal,0,train
/kaggle/input/datasets/vigneshwar472/ucaucf-crime-annotation-dataset/UCF_Crimes/UCF_Crimes/Videos/Training_Normal_Videos_Anomaly/Normal_Videos666_x264.mp4,Normal,0,train
/kaggle/input/datasets/vigneshwar472/ucaucf-crime-annotation-dataset/UCF_Crimes/UCF_Crimes/Videos/Training_Normal_Videos_Anomaly/Normal_Videos667_x264.mp4,Normal,0,train
/kaggle/input/datasets/vigneshwar472/ucaucf-crime-annotation-dataset/UCF_Crimes/UCF_Crimes/Videos/Training_Normal_Videos_Anomaly/Normal_Videos676_x264.mp4,Normal,0,train
/kaggle/input/datasets/vigneshwar472/ucaucf-crime-annotation-dataset/UCF_Crimes/UCF_Crimes/Videos/Training_Normal_Videos_Anomaly/Normal_Videos688_x264.mp4,Normal,0,train
/kaggle/input/datasets/vigneshwar472/ucaucf-crime-annotation-dataset/UCF_Crimes/UCF_Crimes/Videos/Training_Normal_Videos_Anomaly/Normal_Videos690_x264.mp4,Normal,0,train
/kaggle/input/datasets/vigneshwar472/ucaucf-crime-annotation-dataset/UCF_Crimes/UCF_Crimes/Videos/Training_Normal_Videos_Anomaly/Normal_Videos693_x264.mp4,Normal,0,train
/kaggle/input/datasets/vigneshwar472/ucaucf-crime-annotation-dataset/UCF_Crimes/UCF_Crimes/Videos/Training_Normal_Videos_Anomaly/Normal_Videos700_x264.mp4,Normal,0,train
/kaggle/input/datasets/vigneshwar472/ucaucf-crime-annotation-dataset/UCF_Crimes/UCF_Crimes/Videos/Training_Normal_Videos_Anomaly/Normal_Videos705_x264.mp4,Normal,0,train
/kaggle/input/datasets/vigneshwar472/ucaucf-crime-annotation-dataset/UCF_Crimes/UCF_Crimes/Videos/Training_Normal_Videos_Anomaly/Normal_Videos712_x264.mp4,Normal,0,train
/kaggle/input/datasets/vigneshwar472/ucaucf-crime-annotation-dataset/UCF_Crimes/UCF_Crimes/Videos/Training_Normal_Videos_Anomaly/Normal_Videos713_x264.mp4,Normal,0,train
/kaggle/input/datasets/vigneshwar472/ucaucf-crime-annotation-dataset/UCF_Crimes/UCF_Crimes/Videos/Training_Normal_Videos_Anomaly/Normal_Videos715_x264.mp4,Normal,0,train
/kaggle/input/datasets/vigneshwar472/ucaucf-crime-annotation-dataset/UCF_Crimes/UCF_Crimes/Videos/Training_Normal_Videos_Anomaly/Normal_Videos724_x264.mp4,Normal,0,train
/kaggle/input/datasets/vigneshwar472/ucaucf-crime-annotation-dataset/UCF_Crimes/UCF_Crimes/Videos/Training_Normal_Videos_Anomaly/Normal_Videos730_x264.mp4,Normal,0,train
/kaggle/input/datasets/vigneshwar472/ucaucf-crime-annotation-dataset/UCF_Crimes/UCF_Crimes/Videos/Training_Normal_Videos_Anomaly/Normal_Videos733_x264.mp4,Normal,0,train
/kaggle/input/datasets/vigneshwar472/ucaucf-crime-annotation-dataset/UCF_Crimes/UCF_Crimes/Videos/Training_Normal_Videos_Anomaly/Normal_Videos735_x264.mp4,Normal,0,train
/kaggle/input/datasets/vigneshwar472/ucaucf-crime-annotation-dataset/UCF_Crimes/UCF_Crimes/Videos/Training_Normal_Videos_Anomaly/Normal_Videos748_x264.mp4,Normal,0,train
/kaggle/input/datasets/vigneshwar472/ucaucf-crime-annotation-dataset/UCF_Crimes/UCF_Crimes/Videos/Training_Normal_Videos_Anomaly/Normal_Videos749_x264.mp4,Normal,0,train
/kaggle/input/datasets/vigneshwar472/ucaucf-crime-annotation-dataset/UCF_Crimes/UCF_Crimes/Videos/Training_Normal_Videos_Anomaly/Normal_Videos757_x264.mp4,Normal,0,train
/kaggle/input/datasets/vigneshwar472/ucaucf-crime-annotation-dataset/UCF_Crimes/UCF_Crimes/Videos/Training_Normal_Videos_Anomaly/Normal_Videos760_x264.mp4,Normal,0,train
/kaggle/input/datasets/vigneshwar472/ucaucf-crime-annotation-dataset/UCF_Crimes/UCF_Crimes/Videos/Training_Normal_Videos_Anomaly/Normal_Videos766_x264.mp4,Normal,0,train
/kaggle/input/datasets/vigneshwar472/ucaucf-crime-annotation-dataset/UCF_Crimes/UCF_Crimes/Videos/Training_Normal_Videos_Anomaly/Normal_Videos772_x264.mp4,Normal,0,train
/kaggle/input/datasets/vigneshwar472/ucaucf-crime-annotation-dataset/UCF_Crimes/UCF_Crimes/Videos/Training_Normal_Videos_Anomaly/Normal_Videos773_x264.mp4,Normal,0,train
/kaggle/input/datasets/vigneshwar472/ucaucf-crime-annotation-dataset/UCF_Crimes/UCF_Crimes/Videos/Training_Normal_Videos_Anomaly/Normal_Videos774_x264.mp4,Normal,0,train
/kaggle/input/datasets/vigneshwar472/ucaucf-crime-annotation-dataset/UCF_Crimes/UCF_Crimes/Videos/Training_Normal_Videos_Anomaly/Normal_Videos788_x264.mp4,Normal,0,train
/kaggle/input/datasets/vigneshwar472/ucaucf-crime-annotation-dataset/UCF_Crimes/UCF_Crimes/Videos/Training_Normal_Videos_Anomaly/Normal_Videos796_x264.mp4,Normal,0,train
/kaggle/input/datasets/vigneshwar472/ucaucf-crime-annotation-dataset/UCF_Crimes/UCF_Crimes/Videos/Training_Normal_Videos_Anomaly/Normal_Videos808_x264.mp4,Normal,0,train
/kaggle/input/datasets/vigneshwar472/ucaucf-crime-annotation-dataset/UCF_Crimes/UCF_Crimes/Videos/Training_Normal_Videos_Anomaly/Normal_Videos809_x264.mp4,Normal,0,train
/kaggle/input/datasets/vigneshwar472/ucaucf-crime-annotation-dataset/UCF_Crimes/UCF_Crimes/Videos/Training_Normal_Videos_Anomaly/Normal_Videos812_x264.mp4,Normal,0,train
/kaggle/input/datasets/vigneshwar472/ucaucf-crime-annotation-dataset/UCF_Crimes/UCF_Crimes/Videos/Training_Normal_Videos_Anomaly/Normal_Videos814_x264.mp4,Normal,0,train
/kaggle/input/datasets/vigneshwar472/ucaucf-crime-annotation-dataset/UCF_Crimes/UCF_Crimes/Videos/Training_Normal_Videos_Anomaly/Normal_Videos816_x264.mp4,Normal,0,train
/kaggle/input/datasets/vigneshwar472/ucaucf-crime-annotation-dataset/UCF_Crimes/UCF_Crimes/Videos/Training_Normal_Videos_Anomaly/Normal_Videos825_x264.mp4,Normal,0,train
/kaggle/input/datasets/vigneshwar472/ucaucf-crime-annotation-dataset/UCF_Crimes/UCF_Crimes/Videos/Training_Normal_Videos_Anomaly/Normal_Videos827_x264.mp4,Normal,0,train
/kaggle/input/datasets/vigneshwar472/ucaucf-crime-annotation-dataset/UCF_Crimes/UCF_Crimes/Videos/Training_Normal_Videos_Anomaly/Normal_Videos849_x264.mp4,Normal,0,train
/kaggle/input/datasets/vigneshwar472/ucaucf-crime-annotation-dataset/UCF_Crimes/UCF_Crimes/Videos/Training_Normal_Videos_Anomaly/Normal_Videos853_x264.mp4,Normal,0,train
/kaggle/input/datasets/vigneshwar472/ucaucf-crime-annotation-dataset/UCF_Crimes/UCF_Crimes/Videos/Training_Normal_Videos_Anomaly/Normal_Videos862_x264.mp4,Normal,0,train
/kaggle/input/datasets/vigneshwar472/ucaucf-crime-annotation-dataset/UCF_Crimes/UCF_Crimes/Videos/Training_Normal_Videos_Anomaly/Normal_Videos918_x264.mp4,Normal,0,train
/kaggle/input/datasets/alirakhmaev/ucf-crime-full/Stealing/Stealing002_x264.mp4,Stealing,1,train
/kaggle/input/datasets/alirakhmaev/ucf-crime-full/Stealing/Stealing003_x264.mp4,Stealing,1,train
/kaggle/input/datasets/alirakhmaev/ucf-crime-full/Stealing/Stealing004_x264.mp4,Stealing,1,train
/kaggle/input/datasets/alirakhmaev/ucf-crime-full/Stealing/Stealing006_x264.mp4,Stealing,1,train
/kaggle/input/datasets/alirakhmaev/ucf-crime-full/Stealing/Stealing009_x264.mp4,Stealing,1,train
/kaggle/input/datasets/alirakhmaev/ucf-crime-full/Stealing/Stealing011_x264.mp4,Stealing,1,train
/kaggle/input/datasets/alirakhmaev/ucf-crime-full/Stealing/Stealing012_x264.mp4,Stealing,1,train
/kaggle/input/datasets/alirakhmaev/ucf-crime-full/Stealing/Stealing013_x264.mp4,Stealing,1,train
/kaggle/input/datasets/alirakhmaev/ucf-crime-full/Stealing/Stealing014_x264.mp4,Stealing,1,train
/kaggle/input/datasets/alirakhmaev/ucf-crime-full/Stealing/Stealing016_x264.mp4,Stealing,1,train
/kaggle/input/datasets/alirakhmaev/ucf-crime-full/Stealing/Stealing020_x264.mp4,Stealing,1,train
/kaggle/input/datasets/alirakhmaev/ucf-crime-full/Stealing/Stealing022_x264.mp4,Stealing,1,train
/kaggle/input/datasets/alirakhmaev/ucf-crime-full/Stealing/Stealing023_x264.mp4,Stealing,1,train
/kaggle/input/datasets/alirakhmaev/ucf-crime-full/Stealing/Stealing025_x264.mp4,Stealing,1,train
/kaggle/input/datasets/alirakhmaev/ucf-crime-full/Stealing/Stealing026_x264.mp4,Stealing,1,train
/kaggle/input/datasets/alirakhmaev/ucf-crime-full/Stealing/Stealing027_x264.mp4,Stealing,1,train
/kaggle/input/datasets/alirakhmaev/ucf-crime-full/Stealing/Stealing028_x264.mp4,Stealing,1,train
/kaggle/input/datasets/alirakhmaev/ucf-crime-full/Stealing/Stealing029_x264.mp4,Stealing,1,train
/kaggle/input/datasets/alirakhmaev/ucf-crime-full/Stealing/Stealing030_x264.mp4,Stealing,1,train
/kaggle/input/datasets/alirakhmaev/ucf-crime-full/Stealing/Stealing031_x264.mp4,Stealing,1,train
/kaggle/input/datasets/alirakhmaev/ucf-crime-full/Stealing/Stealing035_x264.mp4,Stealing,1,train
/kaggle/input/datasets/alirakhmaev/ucf-crime-full/Stealing/Stealing036_x264.mp4,Stealing,1,train
/kaggle/input/datasets/alirakhmaev/ucf-crime-full/Stealing/Stealing037_x264.mp4,Stealing,1,train
/kaggle/input/datasets/alirakhmaev/ucf-crime-full/Stealing/Stealing042_x264.mp4,Stealing,1,train
/kaggle/input/datasets/alirakhmaev/ucf-crime-full/Stealing/Stealing043_x264.mp4,Stealing,1,train
/kaggle/input/datasets/alirakhmaev/ucf-crime-full/Stealing/Stealing044_x264.mp4,Stealing,1,train
/kaggle/input/datasets/alirakhmaev/ucf-crime-full/Stealing/Stealing045_x264.mp4,Stealing,1,train
/kaggle/input/datasets/alirakhmaev/ucf-crime-full/Stealing/Stealing046_x264.mp4,Stealing,1,train
/kaggle/input/datasets/alirakhmaev/ucf-crime-full/Stealing/Stealing047_x264.mp4,Stealing,1,train
/kaggle/input/datasets/alirakhmaev/ucf-crime-full/Stealing/Stealing049_x264.mp4,Stealing,1,train
/kaggle/input/datasets/alirakhmaev/ucf-crime-full/Stealing/Stealing051_x264.mp4,Stealing,1,train
/kaggle/input/datasets/alirakhmaev/ucf-crime-full/Stealing/Stealing052_x264.mp4,Stealing,1,train
/kaggle/input/datasets/alirakhmaev/ucf-crime-full/Stealing/Stealing053_x264.mp4,Stealing,1,train
/kaggle/input/datasets/alirakhmaev/ucf-crime-full/Stealing/Stealing054_x264.mp4,Stealing,1,train
/kaggle/input/datasets/alirakhmaev/ucf-crime-full/Stealing/Stealing057_x264.mp4,Stealing,1,train
/kaggle/input/datasets/alirakhmaev/ucf-crime-full/Stealing/Stealing059_x264.mp4,Stealing,1,train
/kaggle/input/datasets/alirakhmaev/ucf-crime-full/Stealing/Stealing060_x264.mp4,Stealing,1,train
/kaggle/input/datasets/alirakhmaev/ucf-crime-full/Stealing/Stealing066_x264.mp4,Stealing,1,train
/kaggle/input/datasets/alirakhmaev/ucf-crime-full/Stealing/Stealing067_x264.mp4,Stealing,1,train
/kaggle/input/datasets/alirakhmaev/ucf-crime-full/Stealing/Stealing069_x264.mp4,Stealing,1,train
/kaggle/input/datasets/alirakhmaev/ucf-crime-full/Stealing/Stealing071_x264.mp4,Stealing,1,train
/kaggle/input/datasets/alirakhmaev/ucf-crime-full/Stealing/Stealing074_x264.mp4,Stealing,1,train
/kaggle/input/datasets/alirakhmaev/ucf-crime-full/Stealing/Stealing075_x264.mp4,Stealing,1,train
/kaggle/input/datasets/alirakhmaev/ucf-crime-full/Stealing/Stealing077_x264.mp4,Stealing,1,train
/kaggle/input/datasets/alirakhmaev/ucf-crime-full/Stealing/Stealing078_x264.mp4,Stealing,1,train
/kaggle/input/datasets/alirakhmaev/ucf-crime-full/Stealing/Stealing080_x264.mp4,Stealing,1,train
/kaggle/input/datasets/alirakhmaev/ucf-crime-full/Stealing/Stealing082_x264.mp4,Stealing,1,train
/kaggle/input/datasets/alirakhmaev/ucf-crime-full/Stealing/Stealing083_x264.mp4,Stealing,1,train
/kaggle/input/datasets/alirakhmaev/ucf-crime-full/Stealing/Stealing084_x264.mp4,Stealing,1,train
/kaggle/input/datasets/alirakhmaev/ucf-crime-full/Stealing/Stealing086_x264.mp4,Stealing,1,train
/kaggle/input/datasets/alirakhmaev/ucf-crime-full/Stealing/Stealing088_x264.mp4,Stealing,1,train
/kaggle/input/datasets/alirakhmaev/ucf-crime-full/Stealing/Stealing089_x264.mp4,Stealing,1,train
/kaggle/input/datasets/alirakhmaev/ucf-crime-full/Stealing/Stealing091_x264.mp4,Stealing,1,train
/kaggle/input/datasets/alirakhmaev/ucf-crime-full/Stealing/Stealing092_x264.mp4,Stealing,1,train
/kaggle/input/datasets/alirakhmaev/ucf-crime-full/Stealing/Stealing093_x264.mp4,Stealing,1,train
/kaggle/input/datasets/alirakhmaev/ucf-crime-full/Stealing/Stealing094_x264.mp4,Stealing,1,train
/kaggle/input/datasets/alirakhmaev/ucf-crime-full/Stealing/Stealing095_x264.mp4,Stealing,1,train
/kaggle/input/datasets/alirakhmaev/ucf-crime-full/Stealing/Stealing096_x264.mp4,Stealing,1,train
/kaggle/input/datasets/alirakhmaev/ucf-crime-full/Stealing/Stealing097_x264.mp4,Stealing,1,train
/kaggle/input/datasets/alirakhmaev/ucf-crime-full/Stealing/Stealing098_x264.mp4,Stealing,1,train
/kaggle/input/datasets/alirakhmaev/ucf-crime-full/Stealing/Stealing101_x264.mp4,Stealing,1,train
/kaggle/input/datasets/alirakhmaev/ucf-crime-full/Stealing/Stealing102_x264.mp4,Stealing,1,train
/kaggle/input/datasets/alirakhmaev/ucf-crime-full/Stealing/Stealing104_x264.mp4,Stealing,1,train
/kaggle/input/datasets/alirakhmaev/ucf-crime-full/Stealing/Stealing105_x264.mp4,Stealing,1,train
/kaggle/input/datasets/alirakhmaev/ucf-crime-full/Stealing/Stealing106_x264.mp4,Stealing,1,train
/kaggle/input/datasets/alirakhmaev/ucf-crime-full/Stealing/Stealing107_x264.mp4,Stealing,1,train
/kaggle/input/datasets/alirakhmaev/ucf-crime-full/Stealing/Stealing109_x264.mp4,Stealing,1,train
/kaggle/input/datasets/alirakhmaev/ucf-crime-full/Stealing/Stealing110_x264.mp4,Stealing,1,train
/kaggle/input/datasets/alirakhmaev/ucf-crime-full/Stealing/Stealing113_x264.mp4,Stealing,1,train
/kaggle/input/datasets/alirakhmaev/ucf-crime-full/Stealing/Stealing114_x264.mp4,Stealing,1,train
